"Catherine","Mathis","1134 Garst Ln ","Nevils","82172","dreamsdo@yah00.net","435-135-4915","435-135-4915"
"Isaac","McCall","1632 Leedom Ln ","South Newport","44072","imccall@b1zmail.co.uk","518-761-3817","518-761-3817"
"Francis","Horton","1122 Broad Path ","Alma","44489","fhorton@hotma1l.net","713-177-4922","713-177-4922"
"Trey","Palmer","991 Cambridge Circle ","Eulonia","04621","throughwords@gma1l.biz","662-489-1862","662-489-1862"
"Jimmy","Peterson","1039 Watkins Street ","Egypt","42190","jpeterson@ma1l2u.net","860-565-3178","860-565-3178"
"Pete","Huffman","416 Eastern Place ","Acworth","84316","wasout@yah00.info","864-680-2207","864-680-2207"
"Lori","Hill","1347 Stacy Drive ","Collins","07592","boonfire@b1zmail.net","870-841-1225","870-841-1225"
"Kay","Lewis","1672 Blocksom Drv ","Tarboro","66631","textthrough46@ma1lbox.us","567-139-9488","567-139-9488"
"Douglas","Tyson","842 Fulton Drv Suite #100771","Culloden","59064","ghostthey@yah00.co.uk","724-472-7184","724-472-7184"
"Randall","Flynn","913 Bank Ridge Suite #100144","Clyatteville","57255","rflynn@yah00.us","803-879-9151","803-879-9151"
"Shaun","Harmon","868 Findley Drv ","Darien","02534","sharmon@ma1l2u.co.uk","231-998-2742","231-998-2742"
"Margaret","Knowles","639 Keen Place ","Dacula","26649","treeson51@yah00.info","734-598-5693","734-598-5693"
"Brandi","Avila","809 Meek Blvd ","Mountain Park","19884","sitsfrom@gma1l.net","715-320-3072","715-320-3072"
"Phyllis","Franco","438 Nottingham Drive ","Buchanan","46387","manwarp@everyma1l.co.uk","563-460-7429","563-460-7429"
"Jeff","Benjamin","579 Galway Blvd ","Riverdale","18280","atext@somema1l.net","869-226-1297","869-226-1297"
"Victoria","Anderson","783 Milagra Place ","Ray City","08563","alwaysit@yah00.com","415-481-9445","415-481-9445"
"Heath","Blackburn","1772 Spry Circle ","Winder","81468","hblackburn85@yah00.biz","809-454-2711","809-454-2711"
"Margaret","Beck","948 Seaman Boulevard Suite #10031","Alston","21810","sidekickenter@hotma1l.net","937-404-5803","937-404-5803"
"Morgan","Hansen","1802 Palmer Run ","Clyatteville","97613","bangingcaves99@ma1l2u.org","484-739-5359","484-739-5359"
"Dusty","Savage","1156 Lucas Ave ","Carnesville","39325","dsavage@everyma1l.biz","207-160-6546","207-160-6546"
"Tamara","Jones","1505 Perkins Station ","Hoboken","99365","camewhat@ma1l2u.org","307-137-7233","307-137-7233"
"Alicia","Herman","995 Paragon Heights ","Blue Ridge","89653","aherman@everyma1l.com","774-040-3281","774-040-3281"
"Victoria","Crawford","1318 Wolfe Street ","Stone Mountain","90862","vcrawford@ma1l2u.us","919-009-9011","919-009-9011"
"Danielle","Clements","1661 Gorsuch Run ","Enigma","60181","dclements@b1zmail.co.uk","501-061-1220","501-061-1220"
"Nina","Hopper","1518 Elizabeth Heights ","Hahira","24975","nhopper@gma1l.net","386-915-1676","386-915-1676"
"Rita","Glenn","1774 Claire Path ","Mcintyre","70980","rglenn87@yah00.co.uk","414-434-1872","414-434-1872"
"Dallas","Hunt","461 Snoke Path ","Brunswick","83093","dhunt@yah00.net","864-208-2838","864-208-2838"
"Jeremiah","Delgado","590 Dragoo Square Apt #100506","Dublin","12964","jdelgado@gma1l.info","252-808-3277","252-808-3277"
"Jared","Erickson","1612 Wakatomika Trail Apt #10024","Canton","34654","jerickson@hotma1l.us","284-752-1077","284-752-1077"
"Kristy","Preston","651 Federal Drive ","Tyrone","35506","suspensewhile87@hotma1l.org","386-656-0596","386-656-0596"
"Bonnie","Solomon","1727 Sealover Ridge ","Arlington","85844","computeri@gma1l.org","213-887-4842","213-887-4842"
"Carla","Bender","748 Mead Station ","Locust Grove","20021","cbender@somema1l.co.uk","767-495-5036","767-495-5036"
"Mary ann","Herman","1192 Gifford Avenue ","Maxeys","28839","mherman@ma1lbox.biz","607-102-9552","607-102-9552"
"Cindy","Lancaster","1750 Douglas Parkway ","Stillmore","35311","ishid15@somema1l.com","530-403-6368","530-403-6368"
"Monica","Hull","1004 Sugartree Road ","Rockingham","25405","mhull57@b1zmail.us","413-862-7083","413-862-7083"
"Robin","Christensen","1025 Quincy Avenue ","Homerville","25749","rchristensen@everyma1l.info","518-019-3596","518-019-3596"
"Brianna","Reeves","580 Duvall Path ","Swainsboro","50895","redtook@hotma1l.us","859-560-2520","859-560-2520"
"Cathy","Calhoun","1344 Robinwood Path ","Louisville","01746","ordo38@b1zmail.us","504-100-4220","504-100-4220"
"Kathleen","McIntyre","551 Arcadia Heights Apt #100187","Ellaville","84376","tobuild@b1zmail.info","412-411-9979","412-411-9979"
"Ron","Barton","961 Scholl Run ","Euharlee","74330","hotfire@b1zmail.us","715-184-8970","715-184-8970"
"Amanda","Horne","454 Stillmeadow Court ","Ochlocknee","20392","ahorne@hotma1l.us","417-640-7169","417-640-7169"
"Michael","Vaughan","565 Clearport Trail ","Edison","85584","mvaughan@somema1l.net","618-764-8709","618-764-8709"
"Christy","Marks","1328 Athens Boulevard ","Doraville","83623","discoveredmonster@ma1lbox.biz","617-448-1652","617-448-1652"
"Darlene","Wiley","1756 Hartman Circle ","Mystic","02864","findpeople@everyma1l.biz","562-090-0029","562-090-0029"
"Corey","McIntyre","652 Pinecrest Station ","Clarkston","20366","cmcintyre@b1zmail.org","868-820-1228","868-820-1228"
"Jackie","Russell","930 Merlin Path ","Meldrim","57221","computerthey45@ma1lbox.info","770-065-2353","770-065-2353"
"Timmy","Sherman","1553 Johnstown Path Suite #10075","Bushnell","22510","tsherman@hotma1l.co.uk","260-551-2332","260-551-2332"
"Rose","Hart","801 Moccasin Blvd ","Whigham","50540","rhart@ma1lbox.org","567-177-8232","567-177-8232"
"Phyllis","William","1181 Eller Street ","Pelham","06537","demandedbuild@somema1l.info","229-609-6624","229-609-6624"
"Tammy","McCall","1127 Jewitt Path Apt #100688","Trenton","02805","tmccall@yah00.net","772-309-8327","772-309-8327"
"Ralph","Kelley","1329 Burlington Avenue ","Newnan","85730","rescuewords@everyma1l.net","216-070-9566","216-070-9566"
"Jody","Sweet","934 Spellman Path ","Ludowici","38283","numberswe@b1zmail.com","705-230-1179","705-230-1179"
"Jake","Crosby","1305 Cass Court ","Dunwoody","60980","shouldwant@somema1l.com","937-311-1078","937-311-1078"
"Brenda","Tanner","1701 Arch Ridge ","Stockbridge","37890","btanner@everyma1l.com","670-826-5601","670-826-5601"
"Jack","Benjamin","1245 Dundee Road ","Temple","81021","showsecretly@ma1l2u.us","940-601-9823","940-601-9823"
"Joey","Sweeney","1138 Parish Path ","Portal","34479","jsweeney@ma1l2u.com","509-624-6092","509-624-6092"
"Allison","Patton","1194 Rains Road ","Fort Gaines","84423","apatton@gma1l.net","908-396-9412","908-396-9412"
"Steve","Mejia","1099 East Ave ","Sycamore","32305","windowill@hotma1l.biz","260-409-9889","260-409-9889"
"Ann","Klein","438 Yale Lane ","Talbotton","89634","aklein61@b1zmail.co.uk","401-923-4489","401-923-4489"
"Adam","O'neil","858 Codell Terrace ","Jasper","97256","pulldad@b1zmail.info","336-266-0103","336-266-0103"
"Brent","Frederick","860 Merryhill Lane ","Barnesville","05694","shiphad@b1zmail.us","231-705-2151","231-705-2151"
"Penny","Gill","653 Layton Boulevard ","Smyrna","19729","firecold@hotma1l.biz","351-895-5065","351-895-5065"
"Albert","Soto","496 Catalpa Street ","Funston","29050","wornout54@somema1l.net","720-354-5983","720-354-5983"
"Charlene","Munoz","597 Greenbrier Terrace ","Villa Rica","36777","coldcaves@everyma1l.biz","567-697-0520","567-697-0520"
"Alisha","Morris","1561 Cattle Crescent ","Greenville","30330","peoplewith70@hotma1l.info","713-380-2217","713-380-2217"
"Shanda","Moon","625 Galbraith Place ","Thunderbolt","89671","smoon@ma1lbox.biz","813-243-2805","813-243-2805"
"Lindsey","Wilson","406 Ruth Drv ","Pine Lake","01997","shouldplane@b1zmail.co.uk","302-330-0844","302-330-0844"
"Rachel","Wilder","1414 Findley Avenue ","Buena Vista","30648","oris@somema1l.us","778-228-8035","778-228-8035"
"Anna","Wright","1608 Bolton Heights ","Tarboro","36763","endingin49@hotma1l.com","215-273-3222","215-273-3222"
"Marion","Lancaster","1266 Luck Drv ","Camilla","82436","mlancaster@gma1l.info","229-833-9997","229-833-9997"
"Elaine","Morrow","1503 Dillon Run ","Cuthbert","47000","orpique@yah00.us","845-742-7648","845-742-7648"
"Everett","Erickson","602 Amsterdam Rd Suite #100106","Clarkston","70064","eerickson@b1zmail.org","567-837-4950","567-837-4950"
"Jamie","Hurley","693 Hebron Run ","Rockmart","99888","jhurley30@everyma1l.info","814-098-6008","814-098-6008"
"Dorothy","Atkins","841 Wells Street ","Conyers","84034","datkins@yah00.com","769-798-4780","769-798-4780"
"Jeremiah","Sparks","1750 Sandusky Road ","Lulaton","24855","jsparks@somema1l.net","805-970-5213","805-970-5213"
"Jessie","Avery","1658 Liberty Road ","Cecil","44200","javery60@hotma1l.us","510-543-4200","510-543-4200"
"Gail","Bernard","836 Homestead Place ","Baconton","62733","gbernard@ma1lbox.info","289-650-3274","289-650-3274"
"Mother","Donovan","1071 Hudson Drive ","Mora","02837","mdonovan@yah00.us","573-303-0815","573-303-0815"
"Clara","Clayton","789 Ireland St ","Georgetown","54268","illcomputer@b1zmail.info","941-758-3592","941-758-3592"
"Sue","Massey","997 Briarcliff Square ","Portal","38483","smassey43@ma1l2u.info","616-868-3729","616-868-3729"
"Darren","Rowland","1470 Buckeye Square ","Doerun","76563","ismany7@ma1lbox.biz","339-545-9100","339-545-9100"
"Antonio","Clay","419 Santoy Trail ","Everitt","95592","ghostor maybe@somema1l.us","917-855-9736","917-855-9736"
"Darren","Ray","488 Homes Drive ","Barnesville","88931","dray15@ma1lbox.info","765-785-1665","765-785-1665"
"Billie","Bowers","604 Billingsley Terrace ","Unionville","19526","bbowers@somema1l.org","515-597-6103","515-597-6103"
"Cody","Bishop","979 Merrimac Ln ","Grooverville","03569","soending@b1zmail.biz","605-764-8152","605-764-8152"
"Benjamin","Ewing","1146 Shindern Road ","Georgetown","17986","assertshow@gma1l.org","206-249-2173","206-249-2173"
"Norma","Moody","460 Kibler Street Suite #100709","Tallapoosa","91305","wornsuspense@everyma1l.org","270-528-9750","270-528-9750"
"Ray","Greene","1042 Jamestown Place ","Grovetown","99338","shouldtext@everyma1l.info","784-652-1668","784-652-1668"
"Rick","Coleman","1251 Kopchak Parkway ","Kinderlou","86141","silldied@yah00.us","805-172-6470","805-172-6470"
"Cheryl","Benton","1056 Dowling Avenue Suite #100120","Wray","58247","sidekickdiscovered@b1zmail.biz","260-300-0438","260-300-0438"
"Travis","Combs","716 Miller Park Apt #100278","Westwood","58179","havesofa@hotma1l.org","719-650-4614","719-650-4614"
"Penny","Brown","1420 Briarbush Path ","Cairo","71760","oninterest5@yah00.us","772-899-8945","772-899-8945"
"Cynthia","Bryant","533 Legion Terrace ","Louisville","83778","docame@gma1l.org","678-590-1565","678-590-1565"
"Kay","Valencia","1110 Myrtle Avenue Apt #100303","Kirkland","38700","kvalencia@everyma1l.info","340-186-9789","340-186-9789"
"Breanna","Brennan","1228 Linden Trail ","Blairsville","02880","librarywaited@hotma1l.biz","715-541-5259","715-541-5259"
"Christina","Newton","1313 Fitzgerald Drv ","Cecil","80203","cnewton@ma1l2u.net","920-676-0242","920-676-0242"
"Brian","Downs","1704 Howard Heights ","Smithville","80130","bdowns@ma1lbox.us","479-470-6578","479-470-6578"
"Dustin","Johnson","1118 Richwood Street ","Hogansville","82045","foundlock@everyma1l.org","705-875-4721","705-875-4721"
"Ralph","Anderson","1537 Jody Street ","Eastman","29561","randerson33@gma1l.org","438-376-7084","438-376-7084"
"Vanessa","Doyle","1082 Hamilton Drv ","Pineora","04956","camecaptain@everyma1l.net","231-509-6658","231-509-6658"
"Rod","Grimes","861 Walter Parkway ","Hoboken","01929","rgrimes23@everyma1l.info","340-451-5175","340-451-5175"
"Loretta","Hoffman","1578 Friendship Road ","Axson","98334","lhoffman@everyma1l.co.uk","252-308-5641","252-308-5641"
"Tammy","Duncan","672 Marion Rd ","Kings Bay Base","58246","illhold@everyma1l.com","651-588-8215","651-588-8215"
"Jean","Lowery","1730 Merrimac Lane ","Madison","19830","inlight@hotma1l.co.uk","432-916-0905","432-916-0905"
"Shelly","Obrien","1524 Victory Crescent ","Portal","20131","somethingsomething@gma1l.us","650-545-3607","650-545-3607"
"Peggy","Cameron","949 Whipple Boulevard ","Tybee Island","87790","inlock@yah00.biz","351-201-6602","351-201-6602"
"Renee","Alford","1325 Sunray Ridge ","Coolidge","20493","ralford@gma1l.us","361-042-0538","361-042-0538"
"Baby","Carr","1544 Shepherd Avenue Apt #10076","Centerville","62687","othersmonster@yah00.biz","830-518-3552","830-518-3552"
"Brandon","Pratt","662 Hogans Circle ","Ochlocknee","27809","whitemuch@b1zmail.co.uk","773-472-1742","773-472-1742"
"Glen","Shaffer","542 Morgan Road ","Cumming","42546","gshaffer@gma1l.us","951-174-1748","951-174-1748"
"Tabitha","Barrera","891 Countiss Drive ","Mcdonough","05402","tbarrera@gma1l.biz","386-597-0742","386-597-0742"
"Erin","Nolan","906 Garfield Circle ","Barwick","24749","speedmany77@everyma1l.org","408-268-7160","408-268-7160"
"Dillon","Orr","1471 Stephens Path ","Alma","58611","dorr55@gma1l.info","314-099-6222","314-099-6222"
"Brooke","Meyer","1506 Paint Lane ","Columbus","68343","bmeyer@somema1l.co.uk","769-294-5092","769-294-5092"
"Jerry","Bray","678 Buck Trail ","Egypt","29330","jbray@everyma1l.biz","939-535-0894","939-535-0894"
"Deborah","Gregory","988 Armstrong Station ","Nicholls","08810","dgregory81@yah00.com","308-447-3448","308-447-3448"
"Eddie","Yates","410 Broadvue Terrace ","Ringgold","18789","eyates94@ma1l2u.us","302-163-0380","302-163-0380"
"Kevin","Ford","1661 Salem Drv ","Shawnee","89250","kford@gma1l.info","989-395-8821","989-395-8821"
"Glenn","Wells","1649 Cecil Rd ","Riverdale","85320","firetext90@everyma1l.biz","903-023-1340","903-023-1340"
"Josh","Walters","698 Gantz Station ","Bowens Mill","02887","jwalters@somema1l.net","727-409-5923","727-409-5923"
"Jill","Ray","719 Mckinley Lane ","Milledgeville","86392","wherehatch19@hotma1l.us","225-447-0933","225-447-0933"
"Carrie","Hopkins","416 Mona Blvd ","Skidaway Island","16484","roommoved@ma1lbox.info","769-456-5400","769-456-5400"
"Michelle","Collier","646 Helpar Place ","Tyrone","16351","rabbithatch@ma1lbox.co.uk","402-946-5486","402-946-5486"
"Stanley","Tate","1163 Katherine Blvd ","Wray","15484","shepherdwhat@ma1lbox.biz","706-453-4527","706-453-4527"
"Marion","Glenn","1347 Beard Run ","Montezuma","06085","dosits@gma1l.co.uk","619-661-0709","619-661-0709"
"Brett","Atkinson","892 Highview Ridge ","Mount Vernon","07429","batkinson8@ma1lbox.org","441-301-5444","441-301-5444"
"Ernest","Monroe","1562 Silmore Run ","Barnesville","97748","rescueit's62@yah00.us","213-268-0150","213-268-0150"
"Norma","Bolton","1448 Ceramic Heights ","Bowman","40498","islandhandled@b1zmail.org","802-249-6559","802-249-6559"
"Cynthia","Daniel","617 Seaman Park ","Thalman","92535","cdaniel@somema1l.org","818-299-7946","818-299-7946"
"Greg","Roach","1659 Race Road ","Hortense","64814","havehot@everyma1l.org","246-135-8394","246-135-8394"
"Barb","Hurst","1057 Richey Avenue ","Smyrna","61732","bhurst44@yah00.net","907-642-9873","907-642-9873"
"Trent","Townsend","1109 Merryhill Station ","Stilson","85143","ttownsend@yah00.info","850-318-2051","850-318-2051"
"April","Valdez","1042 Harkers Circle ","Cordele","27454","computermany@ma1l2u.org","573-086-5654","573-086-5654"
"Stacy","Baird","742 Wentz Drv ","Rutledge","27790","sbaird@gma1l.org","430-268-6205","430-268-6205"
"Jack","Cook","1153 Buckeye Blvd ","Doerun","68702","jcook@hotma1l.org","810-794-9484","810-794-9484"
"Jessie","Lawrence","1053 Lock Parkway ","Garfield","68325","it'sof@everyma1l.info","304-941-3294","304-941-3294"
"Mark","Fuentes","485 Whaley Place ","Warwick","90406","waswindow@b1zmail.org","878-299-7507","878-299-7507"
"Beth","Chang","1690 Eldwood Crescent Suite #100472","Sirmans","53613","bchang@b1zmail.biz","979-956-9911","979-956-9911"
"Sierra","Cook","819 Roadayle Street ","Sugar Hill","84119","tohad@gma1l.net","503-321-7927","503-321-7927"
"Gail","Calhoun","1030 Parry Circle Apt #100417","Walthourville","97894","gcalhoun@somema1l.com","819-944-1086","819-944-1086"
"Ron","Hunt","794 Caleb Avenue ","Dunwoody","36560","itleader@hotma1l.com","562-611-3121","562-611-3121"
"Toni","Castillo","1147 Corwin Court ","Cedartown","04586","askeddreams@yah00.biz","276-569-8769","276-569-8769"
"Melody","Phillips","689 Lincoln Avenue ","Alma","56044","mphillips@somema1l.info","585-935-6402","585-935-6402"
"Randi","Gonzales","1261 Mead Trail Apt #100210","Ellaville","84342","rgonzales@somema1l.info","567-163-2103","567-163-2103"
"Timmy","Pena","1622 Leon Circle ","Tyrone","81186","tpena@hotma1l.org","878-140-4640","878-140-4640"
"Hunter","Sherman","1304 Englewood Boulevard ","Madison","83708","hsherman@ma1l2u.biz","530-395-2491","530-395-2491"
"Howard","Kane","930 Edgewater Crescent ","Winder","70153","monstervisions@everyma1l.info","641-693-5587","641-693-5587"
"Penny","Hughes","1558 Christy Boulevard ","Ray City","83018","phughes@gma1l.org","425-576-6768","425-576-6768"
"Brittany","Crosby","1534 Brookfield Crescent ","Springfield","46028","speedalways16@b1zmail.info","229-811-2995","229-811-2995"
"Cynthia","Patel","1562 Patricia Road ","Pine Lake","51575","firetelevision@gma1l.com","313-371-5081","313-371-5081"
"Valerie","McLean","537 Palmeraway Ln ","Holt","05471","fromworld@everyma1l.us","917-063-8943","917-063-8943"
"Diana","Irwin","1074 Essex Ridge ","Manassas","98585","dirwin@gma1l.info","828-882-4343","828-882-4343"
"Vanessa","Gonzalez","504 London Rd Suite #100982","Glory","03425","vgonzalez@somema1l.info","810-859-1556","810-859-1556"
"Maria","Wilkinson","1221 Watson Crescent ","Auburn","71769","mwilkinson@somema1l.org","814-050-2206","814-050-2206"
"Lewis","Hines","1388 Inwood Drv ","Montezuma","82953","tryinghad@ma1lbox.net","418-309-4204","418-309-4204"
"Jenna","Moss","1452 Helpar Park ","Newton","43155","caveshat36@ma1l2u.org","682-984-4360","682-984-4360"
"Sydney","Jimenez","1078 Lancaster-Chillicoth Ln ","Ochlocknee","46424","magneticis@ma1lbox.org","928-515-9296","928-515-9296"
"Carrie","Justice","799 Woodbrook Drv ","Trudie","46540","ofwaited@somema1l.us","619-934-1475","619-934-1475"
"Father","Holland","1792 Burns Ln ","Tallapoosa","87807","fholland@gma1l.biz","649-952-7422","649-952-7422"
"Myron","McClure","1104 Vinsel Drive ","Garden City","29668","mmcclure@ma1lbox.biz","758-849-7230","758-849-7230"
"Victoria","Knowles","853 Lundgren Place ","Macon","77057","vknowles@b1zmail.com","563-631-3441","563-631-3441"
"Jenny","Savage","762 Creekview Avenue ","Holt","87703","roomwarp@yah00.org","856-131-1026","856-131-1026"
"Steve","Brewer","526 Clearcreek Boulevard ","Douglasville","80177","dadit@b1zmail.info","684-402-8491","684-402-8491"
"Eva","Finley","1607 Gilbert Circle Apt #100674","Newnan","74835","efinley@hotma1l.com","231-459-4554","231-459-4554"
"Sandra","Lott","1189 Kelly Ridge ","Higgston","20938","shepherdas@somema1l.org","406-881-8598","406-881-8598"
"Father","Trevino","964 Elizabeth Road ","Ocilla","50710","ftrevino@gma1l.info","551-362-8977","551-362-8977"
"Darren","Kent","1076 Ceramic Rd ","Waycross","80275","untilwhile@ma1l2u.biz","780-736-9129","780-736-9129"
"Floyd","Kirby","1574 Winding Circle ","Eatonton","66376","fkirby@everyma1l.us","816-914-8064","816-914-8064"
"Tabitha","Sykes","526 Fulton Drv ","Hogansville","46896","tsykes@b1zmail.com","430-811-9632","430-811-9632"
"Rick","Merrill","553 Humphrey Circle ","Lexington","39087","rmerrill@everyma1l.com","540-183-9328","540-183-9328"
"Alexandra","Buchanan","1502 Kings Road ","Sandy Springs","19457","sillno@ma1lbox.biz","567-024-5103","567-024-5103"
"Jonathon","Crosby","1294 Keen Trail Suite #100361","Nelson","99230","automaticallybooks@hotma1l.biz","664-465-5572","664-465-5572"
"Shane","Caldwell","1436 Sheandoah Trail ","Mystic","05854","aasked@ma1l2u.com","443-365-7382","443-365-7382"
"Dallas","Lynch","1336 Michael Trail ","Barney","64067","dlynch@b1zmail.com","441-301-2509","441-301-2509"
"Catherine","Woodward","420 Mollysrock Road ","Howell","81276","cameship@everyma1l.co.uk","803-701-7254","803-701-7254"
"Clara","Boyd","1435 Glendale Parkway ","Hapeville","70635","cboyd80@hotma1l.biz","386-793-8035","386-793-8035"
"Mary","Sears","823 Cliffrock Drv ","Queensland","32497","outhid@gma1l.biz","416-967-4288","416-967-4288"
"Jasmine","Walker","577 Alice Path ","Valdosta","64861","rabbitworn@hotma1l.org","506-176-2622","506-176-2622"
"Roxanne","Heath","739 Sunkel Station ","Auburn","80195","towhat@ma1l2u.net","863-917-4169","863-917-4169"
"Allen","Ward","1277 Silmore Lane ","Ashburn","47289","award85@ma1l2u.us","307-859-8054","307-859-8054"
"Heath","Farley","1470 Mcfarland Parkway ","Morgan","51040","webwill@yah00.co.uk","867-643-9388","867-643-9388"
"Tonya","Emerson","792 Culbertson Court ","Norcross","34292","cavesdad@somema1l.net","631-953-8768","631-953-8768"
"Faith","Edwards","724 Edna Court Suite #100150","Mayday","07329","fedwards@gma1l.co.uk","646-050-1505","646-050-1505"
"Monica","Mueller","433 Cove Road ","Sparks","59347","mmueller@b1zmail.us","551-761-7216","551-761-7216"
"Timothy","Wright","1399 Brookover Way ","Augusta","68376","assertin@everyma1l.co.uk","848-864-5351","848-864-5351"
"Heath","Holmes","1208 Culbertson Blvd Suite #100167","Unionville","07903","hholmes@everyma1l.co.uk","661-920-2077","661-920-2077"
"Tonya","Sanford","1758 Shaw Path ","Dixie","37156","findare@somema1l.com","206-872-3130","206-872-3130"
"Roy","Prince","717 Tammy St ","Ellijay","99310","writesacrifice@ma1lbox.info","314-307-7073","314-307-7073"
"Cheyenne","Hodge","867 Warners Boulevard ","Homer","06644","chodge35@yah00.biz","870-805-9558","870-805-9558"
"Penny","Jenkins","1098 Redman Circle Suite #100906","Pineora","17139","pjenkins@somema1l.us","239-261-6672","239-261-6672"
"Terri","Wyatt","609 Yost Avenue ","Lulaton","93275","twyatt@everyma1l.com","519-963-6562","519-963-6562"
"Todd","Cherry","467 Brandywine Ln ","Jeffersonville","66717","whoi@somema1l.biz","760-306-1811","760-306-1811"
"Nicole","Everett","1761 Holbein Parkway ","Whitmarsh Island","57393","throwisland@b1zmail.com","440-136-1272","440-136-1272"
"Rochelle","Pena","509 Reading Ln ","Grovetown","37212","rpena@yah00.net","870-372-0781","870-372-0781"
"Jordan","Fuller","1392 Lithopolis Ave ","Decatur","22555","jfuller@b1zmail.co.uk","700-206-6428","700-206-6428"
"Jamie","Russell","1065 Warners Ave Apt #100623","Register","02243","elsemonster@ma1lbox.us","601-240-4924","601-240-4924"
"Toni","Freeman","897 Portage Ln ","Attapulgus","03182","theyhid@ma1l2u.us","710-785-8444","710-785-8444"
"Levi","Ball","913 Lawndale Ln ","Hickox","35326","lightdreams@ma1l2u.org","910-649-8339","910-649-8339"
"Denise","Rojas","478 Chevington Way ","Tyrone","14005","tospeed@hotma1l.net","814-972-5760","814-972-5760"
"Francis","Steele","1091 Hardy Ridge ","Eatonton","04112","roomcaves@gma1l.com","877-926-9857","877-926-9857"
"Colton","Juarez","1631 Pfeiffer Ln ","Sylvester","89276","windowball@yah00.com","973-377-9705","973-377-9705"
"Olivia","Larsen","586 Gomber Run ","Fruitland","68073","olarsen58@gma1l.net","506-559-3162","506-559-3162"
"Dorothy","Boyer","1667 Euclid Park ","Augusta-Richmond County","04879","dboyer69@yah00.co.uk","321-754-8305","321-754-8305"
"Marvin","Trujillo","1014 Shepherd Lane ","Toccoa","58496","togood@hotma1l.org","514-316-6676","514-316-6676"
"Audrey","Duran","1726 Ledbetter Place ","Saint George","29198","showleader@gma1l.us","731-648-7845","731-648-7845"
"Trent","Wilson","1279 Blossom Way ","East Point","70355","twilson@somema1l.com","774-486-6689","774-486-6689"
"Samuel","Blanchard","656 Spellman Lane ","Fargo","01811","sblanchard@hotma1l.biz","670-293-5000","670-293-5000"
"Harry","Sawyer","1140 Pennsylvania Park ","Bloomingdale","17747","hsawyer53@yah00.info","784-629-3578","784-629-3578"
"Mike","Ashley","1485 Rockville Street ","Acworth","66499","tookshepherd@b1zmail.com","225-609-6496","225-609-6496"
"Edward","Walters","963 Robinwood Park ","Ailey","49059","constantlywarp@ma1l2u.us","214-469-2444","214-469-2444"
"Leah","Figueroa","1356 Delwood Ridge ","West Point","56409","lfigueroa@somema1l.biz","424-917-1417","424-917-1417"
"Vanessa","Wynn","862 Burlington Court ","Westwood","74863","vwynn@hotma1l.us","500-896-1628","500-896-1628"
"Paige","Valenzuela","950 Turner St ","Greensboro","48487","pvalenzuela@somema1l.org","414-675-3974","414-675-3974"
"Kathryn","Wong","588 Riggin Road ","Adrian","03428","kwong@gma1l.org","868-560-1279","868-560-1279"
"Allison","Massey","1739 Thornberry Parkway ","Fargo","40948","amassey@everyma1l.us","650-208-1937","650-208-1937"
"Julia","Ochoa","1780 Creekview Street Suite #100288","Abba","97036","speedfound@everyma1l.us","316-241-9270","316-241-9270"
"Bobby","Lamb","773 Kimes Park ","Homerville","57125","blamb@b1zmail.net","201-330-9358","201-330-9358"
"Katherine","Callahan","890 Meadowood Path ","Lenox","67081","kcallahan@ma1lbox.biz","571-682-6040","571-682-6040"
"Kelly","Brock","409 Promway Street ","Dublin","27645","kbrock@ma1l2u.info","403-653-8968","403-653-8968"
"Trent","Fitzgerald","1108 Coventry Blvd ","Lookout Mountain","20371","constantlyelse@somema1l.us","810-663-5531","810-663-5531"
"Tristan","Frank","1269 Melrose Blvd ","Homer","48408","tfrank@yah00.com","660-119-8626","660-119-8626"
"Greg","Chaney","1143 Clarendon Ridge ","Bowdon","89066","gchaney@b1zmail.us","351-477-7903","351-477-7903"
"Katherine","Serrano","1236 Howell Station ","Waterloo","70333","kserrano@somema1l.net","601-063-6575","601-063-6575"
"Glenn","Beard","1415 Cliffrock Heights ","Valona","10091","gbeard@b1zmail.com","972-541-0251","972-541-0251"
"Heather","Forbes","1097 Schaum Path ","Ebenezer","21483","toof@everyma1l.biz","608-541-0407","608-541-0407"
"Tommy","Hickman","1784 Cherry Court ","Keller","02010","thickman@ma1l2u.net","775-504-6321","775-504-6321"
"Troy","Kramer","852 Chester Station ","Cecil","68800","dayscomputer@gma1l.net","214-131-3267","214-131-3267"
"Charlotte","Carey","561 Olive Way ","Flemington","21767","ccarey@hotma1l.info","253-924-4699","253-924-4699"
"Rebecca","Morris","653 Highview Lane ","Port Wentworth","21057","automaticallyuntil53@b1zmail.us","903-427-1797","903-427-1797"
"Brittany","Gibbs","645 Lancaster Run ","Baldwin","07939","bgibbs@ma1l2u.info","646-004-3911","646-004-3911"
"Dean","Gaines","1457 Childrens St ","Allenhurst","20831","dgaines@everyma1l.com","406-546-4072","406-546-4072"
"Bonnie","Cherry","816 Cecil Path ","Homeland","84556","ofill18@b1zmail.com","502-798-5645","502-798-5645"
"Sandra","Gillespie","1075 Harper Blvd ","Jackson","66091","sgillespie@b1zmail.net","828-379-9591","828-379-9591"
"Courtney","Cross","1498 Austin Parkway ","Covington","06680","askedprobably@yah00.us","631-157-0583","631-157-0583"
"Francis","Thomas","478 Selsam Park ","Lagrange","53258","fthomas2@somema1l.org","202-397-5702","202-397-5702"
"Kim","Vaughan","1405 Todd Place ","Pearson","99839","handledsill13@gma1l.co.uk","514-627-6322","514-627-6322"
"Thomas","Whitehead","1565 Hayes Boulevard ","Howell","98180","twhitehead@gma1l.org","408-646-9736","408-646-9736"
"Ruth","Reyes","1266 Pfeiffer Ridge ","Leesburg","59422","orsomething@gma1l.co.uk","614-891-9133","614-891-9133"
"Stephen","Wells","919 Mershon Circle ","Bainbridge","19821","swells@ma1lbox.com","304-522-8626","304-522-8626"
"Dana","Carpenter","589 Carlisle Park ","Thunderbolt","19188","dcarpenter@everyma1l.us","941-091-1334","941-091-1334"
"Teresa","Schultz","711 Orders Boulevard ","Stilson","99586","tschultz56@ma1l2u.org","758-461-8059","758-461-8059"
"Chastity","Bartlett","540 Vista Drive Suite #100416","Hamilton","88053","windowplane@yah00.net","229-810-7891","229-810-7891"
"Nathan","Barton","1762 Barr Run ","Newnan","06180","listcaptain@ma1l2u.us","815-588-2861","815-588-2861"
"Evelyn","Flowers","456 Lashley Avenue ","Tallapoosa","11035","eflowers38@hotma1l.co.uk","931-341-5712","931-341-5712"
"Rod","McCall","1140 Gest Ln ","Blue Ridge","23601","rmccall36@b1zmail.biz","413-071-0017","413-071-0017"
"Loretta","Carpenter","699 Cass Terrace ","Dasher","02864","tryingon@b1zmail.info","906-920-6232","906-920-6232"
"Alan","Dotson","1405 Ballov Street Apt #100192","Sugar Hill","48113","adotson@ma1l2u.biz","510-333-5721","510-333-5721"
"Vicky","Garza","1098 Tamarron Way Apt #100583","Holly Springs","49541","vgarza73@hotma1l.us","785-265-5051","785-265-5051"
"Krista","Bauer","817 Waldolf Road ","Council","83686","whotelevision7@yah00.biz","435-985-4034","435-985-4034"
"David","Schultz","1337 Beauty Park ","Clyo","67194","dschultz@ma1l2u.us","619-240-5411","619-240-5411"
"Devin","Lara","1294 Rose Crescent ","Unionville","98911","islandthis@hotma1l.org","802-708-8116","802-708-8116"
"Jeffery","Byrd","1457 Palmwood Parkway Suite #100530","Oglethorpe","63975","sofalots@ma1lbox.org","806-189-4167","806-189-4167"
"Justin","Welch","1666 Pleasantview Terrace ","Potter","80251","peopleend@hotma1l.biz","760-579-5114","760-579-5114"
"Pamela","Curtis","1314 Patch Run ","Dublin","14384","demandedthey@hotma1l.info","847-328-0794","847-328-0794"
"Angela","Morton","1258 Bateman Ave ","Lithonia","23512","endsenter@yah00.info","330-118-9579","330-118-9579"
"Donald","Giles","803 Crow Park ","Waynesboro","39605","dgiles@hotma1l.net","430-441-3651","430-441-3651"
"Gary","Bruce","1694 Southern Drive ","Atlanta","89199","oflost@hotma1l.us","210-954-1938","210-954-1938"
"Mike","Owen","722 Ballard Boulevard ","Cleveland","80439","within@ma1l2u.co.uk","941-933-8370","941-933-8370"
"Kelsey","Maddox","535 Legion Circle ","Lumber City","72790","kmaddox@b1zmail.com","700-104-9771","700-104-9771"
"Sam","Hart","700 Neil Terrace ","Riverside","20223","camewhen61@everyma1l.net","404-414-6667","404-414-6667"
"Vernon","Rodriquez","703 Tranquility Rd ","Clyatteville","17348","vrodriquez@ma1lbox.info","281-794-2353","281-794-2353"
"Don","Velez","1480 Neptune Place ","Toccoa","71030","toit's@ma1lbox.net","585-783-7743","585-783-7743"
"Leah","Roberson","561 Shepherd Road ","Kinderlou","61209","ghosthave@hotma1l.us","315-618-8888","315-618-8888"
"Nicole","Brown","939 Columbus Drive ","Lumpkin","19859","nbrown@ma1l2u.com","646-422-6805","646-422-6805"
"Joe","Bond","934 Somerset Heights ","Lagrange","38119","throughwill75@b1zmail.com","412-476-6884","412-476-6884"
"Ernest","Brady","885 Larzelere Park ","Mystic","30231","ebrady@gma1l.net","418-118-4234","418-118-4234"
"Dalton","Zimmerman","699 Daisy Boulevard ","Cochran","02858","secretlycomputer@gma1l.co.uk","408-185-9965","408-185-9965"
"Charlene","Rollins","1748 Miner Ave ","Willacoochee","28061","crollins@hotma1l.biz","254-956-8605","254-956-8605"
"Wayne","Riddle","1482 Windsong Heights Suite #100616","Geneva","87971","tois@ma1lbox.org","858-126-0506","858-126-0506"
"Ashley","Dean","1719 Cohen Ave ","Columbus","44993","codeelse@b1zmail.net","919-495-1128","919-495-1128"
"Christine","Wise","750 Michigan Circle ","Snellville","29872","cwise@everyma1l.co.uk","530-647-0977","530-647-0977"
"Jack","Garcia","872 Somerset Avenue ","Avondale Estates","03313","jgarcia@ma1lbox.com","309-368-7121","309-368-7121"
"Heath","Morrison","1409 Spence Way ","Rockmart","29603","hmorrison73@ma1lbox.info","970-184-0022","970-184-0022"
"Cody","Gibbs","1047 Axline Crescent ","South Newport","21234","cgibbs24@ma1lbox.org","817-608-2161","817-608-2161"
"Christian","Salazar","797 Shore Court ","Jackson","19802","bangingthis@everyma1l.org","947-856-8255","947-856-8255"
